{
  "type": "minecraft:chest",
  "pools": [
    {
      "rolls": {
        "type": "minecraft:uniform",
        "min": {
          "type": "minecraft:constant",
          "value": 5
        },
        "max": {
          "type": "minecraft:constant",
          "value": 10
        }
      },
      "entries": [
        {
          "type": "minecraft:item",
          "weight": 4,
          "name": "minecraft:cooked_beef"
        },
        {
          "type": "minecraft:item",
          "weight": 1,
          "name": "minecraft:arrow",
          "functions": [
            {
              "function": "minecraft:limit_count",
              "limit": 5
            }
          ]
        },
        {
          "type": "minecraft:item",
          "weight": 1,
          "name": "minecraft:bow"
        },
        {
          "type": "minecraft:item",
          "weight": 1,
          "name": "minecraft:stone_sword",
          "functions": [
            {
              "function": "minecraft:limit_count",
              "limit": 1,
              "conditions": [
                {
                  "condition": "minecraft:random_chance",
                  "chance": 1
                }
              ]
            }
          ]
        },
        {
          "type": "minecraft:item",
          "weight": 1,
          "name": "minecraft:stone_axe",
          "functions": [
            {
              "function": "minecraft:limit_count",
              "limit": 1
            }
          ],
          "conditions": [
            {
              "condition": "minecraft:random_chance",
              "chance": 0.3
            }
          ]
        },
        {
          "type": "minecraft:item",
          "weight": 1,
          "name": "minecraft:chainmail_helmet",
          "functions": [
            {
              "function": "minecraft:limit_count",
              "limit": 1,
              "conditions": [
                {
                  "condition": "minecraft:random_chance",
                  "chance": 1
                }
              ]
            }
          ]
        },
        {
          "type": "minecraft:item",
          "weight": 1,
          "name": "minecraft:chainmail_chestplate",
          "functions": [
            {
              "function": "minecraft:limit_count",
              "limit": 1
            }
          ]
        },
        {
          "type": "minecraft:item",
          "weight": 1,
          "name": "minecraft:chainmail_leggings",
          "functions": [
            {
              "function": "minecraft:limit_count",
              "limit": 1
            }
          ]
        },
        {
          "type": "minecraft:item",
          "weight": 1,
          "name": "minecraft:chainmail_boots",
          "functions": [
            {
              "function": "minecraft:limit_count",
              "limit": 1
            }
          ]
        }
      ]
    }
  ]
}
