{
  "type": "minecraft:chest",
  "pools": [
    {
      "rolls": {
        "min": 7,
        "max": 17
      },
      "bonus_rolls": 2,
      "entries": [
        {
          "type": "minecraft:item",
          "weight": 40,
          "name": "minecraft:cooked_beef"
        },
        {
          "type": "minecraft:item",
          "weight": 10,
          "name": "minecraft:arrow",
          "functions": [
            {
              "function": "minecraft:limit_count",
              "limit": 3
            }
          ]
        },
        {
          "type": "minecraft:item",
          "weight": 10,
          "name": "minecraft:bow"
        },
        {
          "type": "minecraft:item",
          "weight": 10,
          "name": "minecraft:iron_sword",
          "functions": [
            {
              "function": "minecraft:limit_count",
              "limit": 1
            }
          ]
        },
        {
          "type": "minecraft:item",
          "weight": 2,
          "name": "minecraft:iron_axe",
          "functions": [
            {
              "function": "minecraft:limit_count",
              "limit": 1,
              "conditions": [
                {
                  "condition": "minecraft:random_chance",
                  "chance": 1
                }
              ]
            }
          ]
        },
        {
          "type": "minecraft:item",
          "weight": 10,
          "name": "minecraft:chainmail_helmet",
          "functions": [
            {
              "function": "minecraft:limit_count",
              "limit": 1
            },
            {
              "function": "minecraft:set_enchantments",
              "enchantments": {
                "minecraft:projectile_protection": 1
              },
              "conditions": [
                {
                  "condition": "minecraft:random_chance",
                  "chance": 0.3
                }
              ]
            }
          ]
        },
        {
          "type": "minecraft:item",
          "weight": 10,
          "name": "minecraft:chainmail_chestplate",
          "functions": [
            {
              "function": "minecraft:limit_count",
              "limit": 1
            },
            {
              "function": "minecraft:set_enchantments",
              "enchantments": {
                "minecraft:projectile_protection": 1
              },
              "add": false,
              "conditions": [
                {
                  "condition": "minecraft:random_chance",
                  "chance": 0.3
                }
              ]
            }
          ]
        },
        {
          "type": "minecraft:item",
          "weight": 10,
          "name": "minecraft:chainmail_leggings",
          "functions": [
            {
              "function": "minecraft:limit_count",
              "limit": 1
            },
            {
              "function": "minecraft:set_enchantments",
              "enchantments": {
                "minecraft:projectile_protection": 1
              },
              "add": false,
              "conditions": [
                {
                  "condition": "minecraft:random_chance",
                  "chance": 0.3
                }
              ]
            }
          ]
        },
        {
          "type": "minecraft:item",
          "weight": 10,
          "name": "minecraft:chainmail_boots",
          "functions": [
            {
              "function": "minecraft:limit_count",
              "limit": 1
            },
            {
              "function": "minecraft:set_enchantments",
              "enchantments": {
                "minecraft:projectile_protection": 1
              },
              "add": false,
              "conditions": [
                {
                  "condition": "minecraft:random_chance",
                  "chance": 0.3
                }
              ]
            }
          ]
        },
        {
          "type": "minecraft:item",
          "weight": 1,
          "name": "minecraft:iron_helmet"
        },
        {
          "type": "minecraft:item",
          "weight": 1,
          "name": "minecraft:iron_boots"
        }
      ]
    }
  ]
}
